replication,mse,tpr,fdp,exact_support_recovery,lambda_used
1,422.1176195095171,0.38,0.6122448979591837,False,0.20069493376070463
2,430.3516098220014,0.34,0.6530612244897959,False,0.20069493376070463
3,410.1610199345544,0.34,0.5952380952380952,False,0.20069493376070463
4,406.91810051328036,0.4,0.5,False,0.20069493376070463
5,434.6196364240459,0.44,0.5217391304347826,False,0.20069493376070463
6,370.82669636889653,0.54,0.5573770491803278,False,0.20069493376070463
7,397.7708917832565,0.52,0.5272727272727272,False,0.20069493376070463
8,404.20969582958475,0.42,0.5625,False,0.20069493376070463
9,422.7885876347959,0.38,0.6346153846153846,False,0.20069493376070463
10,393.45797198358014,0.52,0.5272727272727272,False,0.20069493376070463
11,361.7370905486336,0.54,0.49056603773584906,False,0.20069493376070463
12,460.5518577027052,0.32,0.673469387755102,False,0.20069493376070463
13,452.3549413717116,0.34,0.7068965517241379,False,0.20069493376070463
14,359.6643121570556,0.52,0.43478260869565216,False,0.20069493376070463
15,436.5174691347101,0.4,0.574468085106383,False,0.20069493376070463
16,424.268648222163,0.4,0.5454545454545454,False,0.20069493376070463
17,447.040871255642,0.32,0.5151515151515151,False,0.20069493376070463
18,436.16167095714997,0.4,0.6666666666666666,False,0.20069493376070463
19,371.6509700102401,0.46,0.46511627906976744,False,0.20069493376070463
20,392.7486770091117,0.38,0.5128205128205128,False,0.20069493376070463
21,391.2388431787626,0.56,0.5,False,0.20069493376070463
22,393.8168970233012,0.46,0.5490196078431373,False,0.20069493376070463
23,433.79579021602115,0.42,0.5116279069767442,False,0.20069493376070463
24,435.54714197327326,0.36,0.5813953488372093,False,0.20069493376070463
25,414.96114556439176,0.34,0.575,False,0.20069493376070463
26,457.91332441402795,0.28,0.6,False,0.20069493376070463
27,408.1967364582268,0.5,0.5614035087719298,False,0.20069493376070463
28,380.79439187659926,0.52,0.5272727272727272,False,0.20069493376070463
29,413.033159715278,0.44,0.5,False,0.20069493376070463
30,417.33569759677835,0.44,0.5,False,0.20069493376070463
31,396.50736419821493,0.48,0.3684210526315789,False,0.20069493376070463
32,440.6350893181788,0.34,0.5277777777777778,False,0.20069493376070463
33,417.06859085380665,0.48,0.5555555555555556,False,0.20069493376070463
34,409.13066077161074,0.36,0.5,False,0.20069493376070463
35,426.5798551591869,0.38,0.6274509803921569,False,0.20069493376070463
36,350.55050205260636,0.58,0.46296296296296297,False,0.20069493376070463
37,478.8458046665811,0.18,0.8085106382978723,False,0.20069493376070463
38,406.1456727868371,0.44,0.5,False,0.20069493376070463
39,366.1199639377623,0.52,0.5517241379310345,False,0.20069493376070463
40,404.82112469307276,0.46,0.5490196078431373,False,0.20069493376070463
41,383.51954400220916,0.48,0.5102040816326531,False,0.20069493376070463
42,438.5697614205142,0.36,0.5384615384615384,False,0.20069493376070463
43,428.142042128209,0.38,0.5476190476190477,False,0.20069493376070463
44,428.11219299901717,0.34,0.5405405405405406,False,0.20069493376070463
45,421.60606655268447,0.4,0.574468085106383,False,0.20069493376070463
46,459.9419557703241,0.36,0.660377358490566,False,0.20069493376070463
47,392.9015940923712,0.52,0.5272727272727272,False,0.20069493376070463
48,514.2836928621341,0.18,0.7096774193548387,False,0.20069493376070463
49,405.28267134835806,0.46,0.4772727272727273,False,0.20069493376070463
50,359.6615691387898,0.54,0.509090909090909,False,0.20069493376070463
51,422.7164525426431,0.34,0.575,False,0.20069493376070463
52,392.43480163364626,0.46,0.5306122448979592,False,0.20069493376070463
53,445.85031463822503,0.48,0.625,False,0.20069493376070463
54,398.5433734882462,0.46,0.5,False,0.20069493376070463
55,400.0615733866134,0.46,0.4888888888888889,False,0.20069493376070463
56,423.7810986568333,0.42,0.5625,False,0.20069493376070463
57,404.7967246217179,0.44,0.5319148936170213,False,0.20069493376070463
58,399.048145909852,0.44,0.6071428571428571,False,0.20069493376070463
59,419.1007683615352,0.42,0.5531914893617021,False,0.20069493376070463
60,439.37009886049896,0.44,0.5217391304347826,False,0.20069493376070463
61,401.8669383459855,0.48,0.5294117647058824,False,0.20069493376070463
62,447.2034291036262,0.32,0.6,False,0.20069493376070463
63,421.74414866920654,0.34,0.5952380952380952,False,0.20069493376070463
64,446.4366365183382,0.34,0.6730769230769231,False,0.20069493376070463
65,429.6012561756311,0.4,0.5652173913043478,False,0.20069493376070463
66,441.730898227877,0.38,0.5777777777777777,False,0.20069493376070463
67,397.7507464060093,0.54,0.5,False,0.20069493376070463
68,409.6096969248053,0.42,0.475,False,0.20069493376070463
69,418.8477626417336,0.44,0.4883720930232558,False,0.20069493376070463
70,432.31788762365795,0.38,0.5581395348837209,False,0.20069493376070463
71,381.45672468024486,0.48,0.5862068965517241,False,0.20069493376070463
72,384.6637996631245,0.5,0.5192307692307693,False,0.20069493376070463
73,402.23694953611226,0.42,0.5227272727272727,False,0.20069493376070463
74,425.2117490389963,0.38,0.5869565217391305,False,0.20069493376070463
75,365.69296699299,0.56,0.48148148148148145,False,0.20069493376070463
76,398.11979216766576,0.44,0.5111111111111111,False,0.20069493376070463
77,413.26522891554043,0.34,0.6666666666666666,False,0.20069493376070463
78,424.73113772963626,0.34,0.6382978723404256,False,0.20069493376070463
79,448.7022196954339,0.32,0.6521739130434783,False,0.20069493376070463
80,424.98344193918604,0.38,0.525,False,0.20069493376070463
81,416.9804044365312,0.38,0.6415094339622641,False,0.20069493376070463
82,418.24824908883824,0.38,0.525,False,0.20069493376070463
83,386.70172986824247,0.48,0.5384615384615384,False,0.20069493376070463
84,456.9536133177628,0.28,0.5882352941176471,False,0.20069493376070463
85,386.48227805289525,0.5,0.5283018867924528,False,0.20069493376070463
86,435.81524730477366,0.4,0.5555555555555556,False,0.20069493376070463
87,433.4584203888525,0.34,0.6909090909090909,False,0.20069493376070463
88,423.8019148428761,0.4,0.4444444444444444,False,0.20069493376070463
89,436.73508046794143,0.4,0.6363636363636364,False,0.20069493376070463
90,389.05655185416805,0.44,0.5769230769230769,False,0.20069493376070463
91,389.9439686021218,0.48,0.5555555555555556,False,0.20069493376070463
92,363.0464783154845,0.64,0.4482758620689655,False,0.20069493376070463
93,409.88753096498095,0.42,0.6181818181818182,False,0.20069493376070463
94,395.3318365071926,0.56,0.5087719298245614,False,0.20069493376070463
95,424.73029218479326,0.42,0.6037735849056604,False,0.20069493376070463
96,370.41574387379376,0.52,0.543859649122807,False,0.20069493376070463
97,432.9070213023146,0.44,0.6071428571428571,False,0.20069493376070463
98,392.67135761956797,0.44,0.4634146341463415,False,0.20069493376070463
99,438.8918246568616,0.42,0.5531914893617021,False,0.20069493376070463
100,459.04823199347584,0.34,0.5952380952380952,False,0.20069493376070463
101,406.1694517600505,0.42,0.5531914893617021,False,0.20069493376070463
102,429.02390320238106,0.36,0.5609756097560976,False,0.20069493376070463
103,454.6407259769732,0.38,0.6724137931034483,False,0.20069493376070463
104,446.7713947342885,0.4,0.6363636363636364,False,0.20069493376070463
105,434.2468322186814,0.32,0.5789473684210527,False,0.20069493376070463
106,438.8835949209727,0.32,0.627906976744186,False,0.20069493376070463
107,424.76219639335244,0.46,0.54,False,0.20069493376070463
108,409.3380771175533,0.42,0.5882352941176471,False,0.20069493376070463
109,356.93939543133627,0.54,0.46,False,0.20069493376070463
110,433.8880179313279,0.3,0.5714285714285714,False,0.20069493376070463
111,444.9956133275398,0.36,0.6086956521739131,False,0.20069493376070463
112,406.0595919575759,0.48,0.5384615384615384,False,0.20069493376070463
113,395.6544199507751,0.48,0.5789473684210527,False,0.20069493376070463
114,396.65976008187306,0.46,0.5490196078431373,False,0.20069493376070463
115,342.363971848225,0.6,0.3023255813953488,False,0.20069493376070463
116,446.1640254493893,0.34,0.6382978723404256,False,0.20069493376070463
117,359.3126480667989,0.6,0.4117647058823529,False,0.20069493376070463
118,419.0514346070997,0.44,0.639344262295082,False,0.20069493376070463
119,429.84109135722196,0.38,0.5681818181818182,False,0.20069493376070463
120,428.76991600341233,0.36,0.6,False,0.20069493376070463
121,373.2691855185995,0.46,0.4772727272727273,False,0.20069493376070463
122,486.71456442675066,0.34,0.5853658536585366,False,0.20069493376070463
123,454.41238986971206,0.3,0.6428571428571429,False,0.20069493376070463
124,415.94574049528114,0.42,0.5882352941176471,False,0.20069493376070463
125,346.11240257160176,0.62,0.44642857142857145,False,0.20069493376070463
126,416.70479278087316,0.46,0.5660377358490566,False,0.20069493376070463
127,419.2673030848489,0.44,0.5769230769230769,False,0.20069493376070463
128,381.35769766274336,0.5,0.4897959183673469,False,0.20069493376070463
129,421.65192797671386,0.4,0.47368421052631576,False,0.20069493376070463
130,436.4775072955596,0.32,0.5151515151515151,False,0.20069493376070463
131,404.93038480039337,0.5,0.46808510638297873,False,0.20069493376070463
132,404.81322296544465,0.46,0.5106382978723404,False,0.20069493376070463
133,407.0426500146161,0.42,0.625,False,0.20069493376070463
134,410.94404087501033,0.48,0.5294117647058824,False,0.20069493376070463
135,402.1340416095671,0.44,0.6,False,0.20069493376070463
136,348.838892598018,0.56,0.5254237288135594,False,0.20069493376070463
137,412.6367519794373,0.4,0.5918367346938775,False,0.20069493376070463
138,421.0199672896819,0.36,0.5714285714285714,False,0.20069493376070463
139,444.5366557500738,0.38,0.703125,False,0.20069493376070463
140,414.1633359500797,0.4,0.5555555555555556,False,0.20069493376070463
141,434.14218026140577,0.44,0.6271186440677966,False,0.20069493376070463
142,432.20544010419144,0.34,0.6136363636363636,False,0.20069493376070463
143,457.73673609881286,0.28,0.6666666666666666,False,0.20069493376070463
144,448.0072581903887,0.32,0.6363636363636364,False,0.20069493376070463
145,411.06537721197157,0.44,0.4634146341463415,False,0.20069493376070463
146,390.04686249365636,0.48,0.4782608695652174,False,0.20069493376070463
147,425.75896969415817,0.34,0.5641025641025641,False,0.20069493376070463
148,455.6710122677607,0.2,0.696969696969697,False,0.20069493376070463
149,405.0938734134461,0.48,0.5555555555555556,False,0.20069493376070463
150,379.0173345982112,0.46,0.6101694915254238,False,0.20069493376070463
151,431.27678873159687,0.4,0.6551724137931034,False,0.20069493376070463
152,433.20851265676436,0.38,0.525,False,0.20069493376070463
153,431.1493420434154,0.38,0.5777777777777777,False,0.20069493376070463
154,450.1668739164112,0.32,0.6666666666666666,False,0.20069493376070463
155,394.23393819986705,0.4,0.6,False,0.20069493376070463
156,487.11834127450203,0.26,0.723404255319149,False,0.20069493376070463
157,441.7706771340567,0.3,0.6428571428571429,False,0.20069493376070463
158,401.69362944214754,0.4,0.6,False,0.20069493376070463
159,422.5770654862031,0.34,0.5,False,0.20069493376070463
160,388.5914882457928,0.44,0.5849056603773585,False,0.20069493376070463
161,423.5957983103332,0.38,0.5476190476190477,False,0.20069493376070463
162,399.3984785802312,0.4,0.6153846153846154,False,0.20069493376070463
163,445.0511286474419,0.48,0.5471698113207547,False,0.20069493376070463
164,414.56873097762775,0.4,0.574468085106383,False,0.20069493376070463
165,415.5039409374525,0.46,0.6229508196721312,False,0.20069493376070463
166,397.23942126798005,0.5,0.5833333333333334,False,0.20069493376070463
167,420.09308148638803,0.42,0.5333333333333333,False,0.20069493376070463
168,457.9168224187896,0.36,0.660377358490566,False,0.20069493376070463
169,384.2985439630549,0.52,0.5,False,0.20069493376070463
170,432.4559927846697,0.4,0.6,False,0.20069493376070463
171,394.29060995262665,0.46,0.41025641025641024,False,0.20069493376070463
172,412.7952620342233,0.44,0.5111111111111111,False,0.20069493376070463
173,396.9436082367486,0.38,0.5365853658536586,False,0.20069493376070463
174,378.86794257035297,0.52,0.43478260869565216,False,0.20069493376070463
175,388.06074069842435,0.42,0.4166666666666667,False,0.20069493376070463
176,424.16362654281,0.44,0.5,False,0.20069493376070463
177,425.0726427676489,0.42,0.631578947368421,False,0.20069493376070463
178,416.39786580458906,0.36,0.5384615384615384,False,0.20069493376070463
179,399.1398131545978,0.5,0.4444444444444444,False,0.20069493376070463
180,376.22904083277274,0.46,0.46511627906976744,False,0.20069493376070463
181,441.9282049616091,0.32,0.6444444444444445,False,0.20069493376070463
182,419.02373033604124,0.36,0.5714285714285714,False,0.20069493376070463
183,387.91890688150795,0.44,0.45,False,0.20069493376070463
184,419.98871236623296,0.42,0.6111111111111112,False,0.20069493376070463
185,406.9852317035012,0.4,0.6825396825396826,False,0.20069493376070463
186,411.0806510441195,0.4,0.5833333333333334,False,0.20069493376070463
187,427.736688280529,0.4,0.5918367346938775,False,0.20069493376070463
188,357.2913951032051,0.58,0.532258064516129,False,0.20069493376070463
189,451.4248835818446,0.32,0.6595744680851063,False,0.20069493376070463
190,418.6038883638178,0.42,0.5434782608695652,False,0.20069493376070463
191,402.9342347925836,0.46,0.5106382978723404,False,0.20069493376070463
192,423.537195339353,0.38,0.6346153846153846,False,0.20069493376070463
193,398.56690154139847,0.42,0.58,False,0.20069493376070463
194,411.9227565189163,0.46,0.603448275862069,False,0.20069493376070463
195,370.1870079994261,0.56,0.46153846153846156,False,0.20069493376070463
196,397.11034903049824,0.4,0.5833333333333334,False,0.20069493376070463
197,446.66685262724485,0.4,0.6296296296296297,False,0.20069493376070463
198,358.0095076034126,0.6,0.4444444444444444,False,0.20069493376070463
199,392.4928441260091,0.5,0.5283018867924528,False,0.20069493376070463
200,381.270934399618,0.52,0.543859649122807,False,0.20069493376070463
201,410.12583773350025,0.48,0.6190476190476191,False,0.20069493376070463
202,393.67384752720494,0.46,0.5818181818181818,False,0.20069493376070463
203,336.63893175783255,0.6,0.375,False,0.20069493376070463
204,423.5696731956206,0.44,0.5769230769230769,False,0.20069493376070463
205,421.19288973854066,0.34,0.5,False,0.20069493376070463
206,376.4624419368729,0.46,0.54,False,0.20069493376070463
207,407.56449206567197,0.46,0.5818181818181818,False,0.20069493376070463
208,448.0742229240125,0.38,0.62,False,0.20069493376070463
209,436.8793437525247,0.4,0.6078431372549019,False,0.20069493376070463
210,382.22639202083843,0.54,0.4375,False,0.20069493376070463
211,402.9454252827071,0.46,0.4772727272727273,False,0.20069493376070463
212,417.5214818091603,0.48,0.52,False,0.20069493376070463
213,416.0913512456247,0.42,0.58,False,0.20069493376070463
214,411.29323796813316,0.42,0.65,False,0.20069493376070463
215,389.19671646337144,0.52,0.35,False,0.20069493376070463
216,385.3826355725421,0.46,0.43902439024390244,False,0.20069493376070463
217,433.8071659505604,0.3,0.5833333333333334,False,0.20069493376070463
218,405.6793116191452,0.48,0.5555555555555556,False,0.20069493376070463
219,428.38800245489335,0.38,0.5581395348837209,False,0.20069493376070463
220,418.00895688240496,0.42,0.5531914893617021,False,0.20069493376070463
221,442.406696611593,0.46,0.5576923076923077,False,0.20069493376070463
222,384.0134787606373,0.46,0.54,False,0.20069493376070463
223,414.2777762894116,0.48,0.5471698113207547,False,0.20069493376070463
224,439.765653994692,0.34,0.7068965517241379,False,0.20069493376070463
225,357.63009432330904,0.54,0.46,False,0.20069493376070463
226,421.81071389070644,0.42,0.475,False,0.20069493376070463
227,401.20432220401466,0.4,0.47368421052631576,False,0.20069493376070463
228,456.09455917043323,0.38,0.6666666666666666,False,0.20069493376070463
229,428.88441965587555,0.32,0.5428571428571428,False,0.20069493376070463
230,438.45713921791224,0.32,0.6190476190476191,False,0.20069493376070463
231,415.1668484186342,0.38,0.5681818181818182,False,0.20069493376070463
232,338.0056474901206,0.58,0.43137254901960786,False,0.20069493376070463
233,431.3429318734621,0.4,0.5833333333333334,False,0.20069493376070463
234,426.686952921296,0.36,0.6086956521739131,False,0.20069493376070463
235,423.88572135214855,0.36,0.7,False,0.20069493376070463
236,396.70497885318576,0.5,0.5535714285714286,False,0.20069493376070463
237,372.02089116301505,0.5,0.45652173913043476,False,0.20069493376070463
238,419.028346138489,0.32,0.5675675675675675,False,0.20069493376070463
239,336.07680646442606,0.62,0.5230769230769231,False,0.20069493376070463
240,442.8988458391297,0.32,0.6595744680851063,False,0.20069493376070463
241,381.6933226816536,0.5,0.576271186440678,False,0.20069493376070463
242,436.31890828676114,0.38,0.6346153846153846,False,0.20069493376070463
243,418.84661824322575,0.4,0.574468085106383,False,0.20069493376070463
244,372.9869777712673,0.5,0.5192307692307693,False,0.20069493376070463
245,404.77140564248896,0.5,0.609375,False,0.20069493376070463
246,379.6717752491513,0.5,0.5192307692307693,False,0.20069493376070463
247,415.8991181523176,0.4,0.6296296296296297,False,0.20069493376070463
248,422.4533036833206,0.34,0.5952380952380952,False,0.20069493376070463
249,450.1305122196131,0.48,0.6,False,0.20069493376070463
250,460.0486237778439,0.3,0.5714285714285714,False,0.20069493376070463
251,425.9429813499246,0.5,0.5098039215686274,False,0.20069493376070463
252,406.81131737062225,0.38,0.6545454545454545,False,0.20069493376070463
253,381.6851543734899,0.58,0.43137254901960786,False,0.20069493376070463
254,476.05762635114803,0.28,0.6888888888888889,False,0.20069493376070463
255,428.5454869458722,0.42,0.5,False,0.20069493376070463
256,391.94374435295356,0.44,0.4883720930232558,False,0.20069493376070463
257,422.8122921241443,0.48,0.4782608695652174,False,0.20069493376070463
258,383.055332628037,0.46,0.4523809523809524,False,0.20069493376070463
259,384.467039389021,0.6,0.47368421052631576,False,0.20069493376070463
260,410.41811903227324,0.38,0.5957446808510638,False,0.20069493376070463
261,442.1282015619193,0.38,0.5869565217391305,False,0.20069493376070463
262,457.5810269674276,0.3,0.6875,False,0.20069493376070463
263,386.6405507395692,0.52,0.5094339622641509,False,0.20069493376070463
264,372.3788673213241,0.54,0.509090909090909,False,0.20069493376070463
265,420.9299909385412,0.36,0.7,False,0.20069493376070463
266,434.52319284335,0.4,0.5348837209302325,False,0.20069493376070463
267,349.5370872195661,0.54,0.4489795918367347,False,0.20069493376070463
268,453.0274826234978,0.3,0.7222222222222222,False,0.20069493376070463
269,392.10642074882384,0.42,0.5333333333333333,False,0.20069493376070463
270,440.0988515844376,0.28,0.7142857142857143,False,0.20069493376070463
271,451.22892211298665,0.38,0.5681818181818182,False,0.20069493376070463
272,420.5496469226858,0.46,0.5490196078431373,False,0.20069493376070463
273,457.0141725446846,0.24,0.6842105263157895,False,0.20069493376070463
274,417.01579094951796,0.42,0.5227272727272727,False,0.20069493376070463
275,469.59099506600296,0.34,0.6136363636363636,False,0.20069493376070463
276,446.1685544886509,0.3,0.6052631578947368,False,0.20069493376070463
277,423.3189256428217,0.36,0.5,False,0.20069493376070463
278,438.482982895907,0.28,0.5757575757575758,False,0.20069493376070463
279,416.1876761521933,0.44,0.5416666666666666,False,0.20069493376070463
280,413.7965423957484,0.4,0.6153846153846154,False,0.20069493376070463
281,412.5138566497075,0.5,0.5535714285714286,False,0.20069493376070463
282,446.62086835387754,0.4,0.5238095238095238,False,0.20069493376070463
283,383.9760124259419,0.56,0.5333333333333333,False,0.20069493376070463
284,386.3247448943973,0.52,0.6231884057971014,False,0.20069493376070463
285,371.07592153417454,0.44,0.40540540540540543,False,0.20069493376070463
286,395.2521667900856,0.5,0.5283018867924528,False,0.20069493376070463
287,382.24098271221237,0.54,0.55,False,0.20069493376070463
288,420.08058471200496,0.46,0.5576923076923077,False,0.20069493376070463
289,450.2220688941094,0.38,0.6481481481481481,False,0.20069493376070463
290,414.228958037079,0.44,0.5217391304347826,False,0.20069493376070463
291,440.3586921245072,0.26,0.6904761904761905,False,0.20069493376070463
292,443.7061253267849,0.36,0.5909090909090909,False,0.20069493376070463
293,401.39297077898755,0.46,0.5106382978723404,False,0.20069493376070463
294,440.1809097037098,0.36,0.5909090909090909,False,0.20069493376070463
295,407.35920308015517,0.48,0.5102040816326531,False,0.20069493376070463
296,423.47598847932005,0.38,0.525,False,0.20069493376070463
297,377.0610865897238,0.48,0.45454545454545453,False,0.20069493376070463
298,396.7711708400016,0.42,0.5714285714285714,False,0.20069493376070463
299,438.16559293727977,0.36,0.64,False,0.20069493376070463
300,432.37218066006864,0.36,0.6170212765957447,False,0.20069493376070463
301,427.3149149053987,0.4,0.574468085106383,False,0.20069493376070463
302,433.90597272474065,0.34,0.5853658536585366,False,0.20069493376070463
303,424.60896420093405,0.42,0.5434782608695652,False,0.20069493376070463
304,453.44860307602,0.36,0.6842105263157895,False,0.20069493376070463
305,429.8261442436265,0.36,0.47058823529411764,False,0.20069493376070463
306,409.83613530399214,0.44,0.5111111111111111,False,0.20069493376070463
307,418.80489015324224,0.5,0.5098039215686274,False,0.20069493376070463
308,415.3402511851108,0.4,0.4594594594594595,False,0.20069493376070463
309,419.8477276387626,0.32,0.6190476190476191,False,0.20069493376070463
310,445.7826196427755,0.32,0.6595744680851063,False,0.20069493376070463
311,454.11741245856007,0.5,0.5689655172413793,False,0.20069493376070463
312,395.863674993374,0.46,0.5208333333333334,False,0.20069493376070463
313,401.2303059552525,0.44,0.5416666666666666,False,0.20069493376070463
314,416.0801287022325,0.42,0.6037735849056604,False,0.20069493376070463
315,429.0397498059269,0.38,0.525,False,0.20069493376070463
316,410.27027622601,0.5,0.5283018867924528,False,0.20069493376070463
317,400.90884948208543,0.44,0.6,False,0.20069493376070463
318,433.0282599365032,0.52,0.5272727272727272,False,0.20069493376070463
319,412.88458051703566,0.44,0.5849056603773585,False,0.20069493376070463
320,407.1186849492313,0.52,0.5272727272727272,False,0.20069493376070463
321,391.638825758327,0.4,0.5833333333333334,False,0.20069493376070463
322,422.5108956514127,0.44,0.5849056603773585,False,0.20069493376070463
323,431.46139090911817,0.32,0.6595744680851063,False,0.20069493376070463
324,424.9924002415198,0.34,0.6046511627906976,False,0.20069493376070463
325,290.8243324383648,0.74,0.39344262295081966,False,0.20069493376070463
326,388.3656690896681,0.4,0.6296296296296297,False,0.20069493376070463
327,409.8450770875444,0.44,0.6,False,0.20069493376070463
328,402.8558810688492,0.48,0.5102040816326531,False,0.20069493376070463
329,441.4393866519528,0.4,0.5833333333333334,False,0.20069493376070463
330,438.1963186630822,0.36,0.6326530612244898,False,0.20069493376070463
331,428.1987253799962,0.44,0.5769230769230769,False,0.20069493376070463
332,432.4331213468252,0.38,0.6041666666666666,False,0.20069493376070463
333,460.9267497171721,0.34,0.5526315789473685,False,0.20069493376070463
334,447.49618989217936,0.36,0.6470588235294118,False,0.20069493376070463
335,415.0693279100676,0.34,0.6046511627906976,False,0.20069493376070463
336,392.8960723119105,0.46,0.5660377358490566,False,0.20069493376070463
337,364.6242325495967,0.46,0.5,False,0.20069493376070463
338,399.0991991684942,0.42,0.475,False,0.20069493376070463
339,438.2192827221538,0.32,0.6097560975609756,False,0.20069493376070463
340,415.07821166096613,0.4,0.6078431372549019,False,0.20069493376070463
341,362.44190180284113,0.48,0.5714285714285714,False,0.20069493376070463
342,388.32847782843413,0.5,0.5535714285714286,False,0.20069493376070463
343,376.78999629512964,0.52,0.44680851063829785,False,0.20069493376070463
344,424.25112366896786,0.48,0.5789473684210527,False,0.20069493376070463
345,436.6378127909994,0.4,0.5348837209302325,False,0.20069493376070463
346,412.8805904226851,0.44,0.5925925925925926,False,0.20069493376070463
347,416.1153670960864,0.4,0.6078431372549019,False,0.20069493376070463
348,426.3537096798042,0.42,0.5625,False,0.20069493376070463
349,335.17355934290316,0.58,0.4727272727272727,False,0.20069493376070463
350,416.8748863056748,0.44,0.639344262295082,False,0.20069493376070463
351,414.5824871732116,0.42,0.58,False,0.20069493376070463
352,431.67562313665604,0.36,0.6170212765957447,False,0.20069493376070463
353,409.24681231951894,0.38,0.5869565217391305,False,0.20069493376070463
354,413.76776329035187,0.42,0.631578947368421,False,0.20069493376070463
355,407.0840689393219,0.48,0.5,False,0.20069493376070463
356,442.91518682200734,0.32,0.6521739130434783,False,0.20069493376070463
357,394.49377422701275,0.5,0.4444444444444444,False,0.20069493376070463
358,475.69274949994985,0.28,0.6,False,0.20069493376070463
359,392.7478152830411,0.48,0.5862068965517241,False,0.20069493376070463
360,444.95360907092714,0.42,0.5961538461538461,False,0.20069493376070463
361,398.16409348814176,0.46,0.6101694915254238,False,0.20069493376070463
362,441.52661542788405,0.36,0.5714285714285714,False,0.20069493376070463
363,417.1743538769985,0.4,0.6153846153846154,False,0.20069493376070463
364,424.17241068427705,0.4,0.6226415094339622,False,0.20069493376070463
365,405.50729106824696,0.48,0.5862068965517241,False,0.20069493376070463
366,427.047969514893,0.42,0.6557377049180327,False,0.20069493376070463
367,400.87463192109334,0.42,0.5531914893617021,False,0.20069493376070463
368,439.33471222455984,0.42,0.58,False,0.20069493376070463
369,362.1302233563693,0.56,0.5333333333333333,False,0.20069493376070463
370,412.585677556323,0.48,0.5471698113207547,False,0.20069493376070463
371,405.9959453327836,0.56,0.4909090909090909,False,0.20069493376070463
372,417.541733434416,0.42,0.5714285714285714,False,0.20069493376070463
373,424.51914636208187,0.44,0.5849056603773585,False,0.20069493376070463
374,402.3122377992006,0.44,0.5416666666666666,False,0.20069493376070463
375,439.11616211117394,0.32,0.6363636363636364,False,0.20069493376070463
376,445.3807088988683,0.32,0.68,False,0.20069493376070463
377,432.4127216997344,0.4,0.574468085106383,False,0.20069493376070463
378,394.992463513357,0.54,0.5909090909090909,False,0.20069493376070463
379,401.5904739149115,0.46,0.5,False,0.20069493376070463
380,479.0934349510958,0.24,0.7073170731707317,False,0.20069493376070463
381,390.1015093003966,0.46,0.54,False,0.20069493376070463
382,391.43717419246957,0.46,0.6166666666666667,False,0.20069493376070463
383,403.8676878145292,0.44,0.6271186440677966,False,0.20069493376070463
384,367.3970540952782,0.58,0.546875,False,0.20069493376070463
385,436.68160883358036,0.38,0.5869565217391305,False,0.20069493376070463
386,449.56086700384265,0.28,0.7358490566037735,False,0.20069493376070463
387,368.8791113317229,0.56,0.5,False,0.20069493376070463
388,436.3943986499429,0.46,0.6166666666666667,False,0.20069493376070463
389,421.81967334154933,0.36,0.5714285714285714,False,0.20069493376070463
390,440.80336748243855,0.46,0.5576923076923077,False,0.20069493376070463
391,402.917421452355,0.36,0.6326530612244898,False,0.20069493376070463
392,422.348996155094,0.42,0.5882352941176471,False,0.20069493376070463
393,418.93619153212734,0.42,0.43243243243243246,False,0.20069493376070463
394,414.710773040534,0.42,0.5531914893617021,False,0.20069493376070463
395,372.6618866708379,0.54,0.37209302325581395,False,0.20069493376070463
396,380.4272494832559,0.62,0.41509433962264153,False,0.20069493376070463
397,422.33201284781086,0.36,0.6,False,0.20069493376070463
398,468.3336242221441,0.34,0.7213114754098361,False,0.20069493376070463
399,409.3850004063457,0.38,0.5476190476190477,False,0.20069493376070463
400,438.43754186907944,0.32,0.673469387755102,False,0.20069493376070463
401,406.7037518757973,0.5,0.5689655172413793,False,0.20069493376070463
402,426.42201500563846,0.36,0.4857142857142857,False,0.20069493376070463
403,429.09334134772314,0.5,0.5098039215686274,False,0.20069493376070463
404,427.2910617709153,0.36,0.6470588235294118,False,0.20069493376070463
405,400.2144189981086,0.52,0.5094339622641509,False,0.20069493376070463
406,423.14053466787163,0.4,0.6153846153846154,False,0.20069493376070463
407,399.81212606700393,0.42,0.475,False,0.20069493376070463
408,458.54544409192323,0.32,0.5675675675675675,False,0.20069493376070463
409,424.07289246187867,0.4,0.5454545454545454,False,0.20069493376070463
410,436.647704562475,0.36,0.6727272727272727,False,0.20069493376070463
411,466.56020625367995,0.28,0.6818181818181818,False,0.20069493376070463
412,436.1982851379799,0.36,0.55,False,0.20069493376070463
413,416.37859124280203,0.44,0.5319148936170213,False,0.20069493376070463
414,441.78816970715883,0.44,0.56,False,0.20069493376070463
415,391.002782895601,0.5,0.5,False,0.20069493376070463
416,391.9023684374894,0.46,0.5964912280701754,False,0.20069493376070463
417,446.8503708629636,0.38,0.6346153846153846,False,0.20069493376070463
418,412.0570006257334,0.42,0.5882352941176471,False,0.20069493376070463
419,399.69985169589376,0.52,0.543859649122807,False,0.20069493376070463
420,358.6925590133358,0.52,0.5094339622641509,False,0.20069493376070463
421,425.50507941391857,0.44,0.5416666666666666,False,0.20069493376070463
422,376.9884966088262,0.52,0.49019607843137253,False,0.20069493376070463
423,346.0635455784411,0.6,0.4827586206896552,False,0.20069493376070463
424,389.89837480740994,0.42,0.625,False,0.20069493376070463
425,435.9838919147534,0.44,0.639344262295082,False,0.20069493376070463
426,429.5061838439125,0.46,0.5490196078431373,False,0.20069493376070463
427,409.36936391653086,0.44,0.56,False,0.20069493376070463
428,405.4143332737193,0.58,0.5671641791044776,False,0.20069493376070463
429,451.7958108788662,0.28,0.5757575757575758,False,0.20069493376070463
430,476.4409674743897,0.28,0.6585365853658537,False,0.20069493376070463
431,414.4255480107878,0.44,0.5686274509803921,False,0.20069493376070463
432,393.8626566924813,0.42,0.5116279069767442,False,0.20069493376070463
433,450.9008422472471,0.34,0.6530612244897959,False,0.20069493376070463
434,366.0800904390082,0.58,0.48214285714285715,False,0.20069493376070463
435,399.36175563284337,0.5,0.5192307692307693,False,0.20069493376070463
436,447.08795453194864,0.32,0.6862745098039216,False,0.20069493376070463
437,405.1042755221948,0.44,0.6271186440677966,False,0.20069493376070463
438,448.6401231839852,0.3,0.6666666666666666,False,0.20069493376070463
439,409.1221311258421,0.48,0.5862068965517241,False,0.20069493376070463
440,456.40286442301425,0.34,0.6304347826086957,False,0.20069493376070463
441,428.50795414933214,0.4,0.6226415094339622,False,0.20069493376070463
442,442.434660855019,0.34,0.5526315789473685,False,0.20069493376070463
443,407.5069287023006,0.46,0.6229508196721312,False,0.20069493376070463
444,390.40096045616656,0.58,0.5396825396825397,False,0.20069493376070463
445,407.5609095637882,0.52,0.5185185185185185,False,0.20069493376070463
446,438.8373352174024,0.42,0.6612903225806451,False,0.20069493376070463
447,416.82543361406243,0.38,0.5476190476190477,False,0.20069493376070463
448,404.31864175475715,0.42,0.625,False,0.20069493376070463
449,368.1628668810356,0.52,0.5,False,0.20069493376070463
450,384.1704809487239,0.5,0.4897959183673469,False,0.20069493376070463
451,434.8211417692895,0.38,0.5476190476190477,False,0.20069493376070463
452,435.0685964478397,0.46,0.5490196078431373,False,0.20069493376070463
453,449.67504282118665,0.36,0.6170212765957447,False,0.20069493376070463
454,387.53939881167446,0.44,0.5769230769230769,False,0.20069493376070463
455,430.75578534059827,0.5,0.5967741935483871,False,0.20069493376070463
456,433.4411319055091,0.32,0.6862745098039216,False,0.20069493376070463
457,426.0262418126367,0.38,0.6122448979591837,False,0.20069493376070463
458,412.19812810245514,0.44,0.5319148936170213,False,0.20069493376070463
459,438.3558312305357,0.34,0.6382978723404256,False,0.20069493376070463
460,465.3681849950293,0.3,0.6153846153846154,False,0.20069493376070463
461,447.84222629693556,0.3,0.53125,False,0.20069493376070463
462,349.2913001450101,0.56,0.5,False,0.20069493376070463
463,441.8824709921066,0.36,0.6086956521739131,False,0.20069493376070463
464,420.69910693589304,0.42,0.5333333333333333,False,0.20069493376070463
465,389.1223772700538,0.56,0.5,False,0.20069493376070463
466,433.8016918614777,0.48,0.5636363636363636,False,0.20069493376070463
467,364.9027510662965,0.5,0.4444444444444444,False,0.20069493376070463
468,433.95665735882426,0.4,0.6428571428571429,False,0.20069493376070463
469,462.42136661228443,0.24,0.6666666666666666,False,0.20069493376070463
470,442.84474912201927,0.32,0.5789473684210527,False,0.20069493376070463
471,408.5180556190015,0.48,0.45454545454545453,False,0.20069493376070463
472,404.0443858425892,0.48,0.5384615384615384,False,0.20069493376070463
473,414.42370062328587,0.4,0.5555555555555556,False,0.20069493376070463
474,427.7520726484203,0.42,0.5333333333333333,False,0.20069493376070463
475,395.6654294742175,0.48,0.5471698113207547,False,0.20069493376070463
476,399.21365674228247,0.48,0.48936170212765956,False,0.20069493376070463
477,466.7901853990338,0.32,0.627906976744186,False,0.20069493376070463
478,391.99398240626425,0.44,0.5,False,0.20069493376070463
479,390.32762874309526,0.5,0.4791666666666667,False,0.20069493376070463
480,405.4892089699649,0.44,0.40540540540540543,False,0.20069493376070463
481,376.0752689169049,0.44,0.5319148936170213,False,0.20069493376070463
482,449.75853763890615,0.42,0.6037735849056604,False,0.20069493376070463
483,433.19223096386514,0.4,0.5652173913043478,False,0.20069493376070463
484,449.6763729236277,0.32,0.673469387755102,False,0.20069493376070463
485,395.23062423879253,0.42,0.5227272727272727,False,0.20069493376070463
486,456.2817072110401,0.32,0.5,False,0.20069493376070463
487,378.3020187621466,0.56,0.5757575757575758,False,0.20069493376070463
488,395.90690515261525,0.52,0.5094339622641509,False,0.20069493376070463
489,410.7445107754918,0.46,0.5964912280701754,False,0.20069493376070463
490,384.58221474604227,0.5,0.5454545454545454,False,0.20069493376070463
491,364.51966924519127,0.54,0.4375,False,0.20069493376070463
492,387.80255172609037,0.46,0.5208333333333334,False,0.20069493376070463
493,414.772467955689,0.42,0.6111111111111112,False,0.20069493376070463
494,386.92803095970584,0.44,0.5849056603773585,False,0.20069493376070463
495,427.6106030899703,0.42,0.6956521739130435,False,0.20069493376070463
496,422.30073849964623,0.44,0.65625,False,0.20069493376070463
497,415.5885572421951,0.46,0.5892857142857143,False,0.20069493376070463
498,420.4428605520071,0.36,0.6470588235294118,False,0.20069493376070463
499,420.15864143663055,0.36,0.64,False,0.20069493376070463
500,385.69707073609646,0.44,0.5319148936170213,False,0.20069493376070463
501,443.16323577144954,0.3,0.6341463414634146,False,0.20069493376070463
502,395.92723555645125,0.48,0.5,False,0.20069493376070463
503,431.33230187304787,0.4,0.6,False,0.20069493376070463
504,430.5135550104852,0.4,0.6078431372549019,False,0.20069493376070463
505,415.9523530028244,0.42,0.6111111111111112,False,0.20069493376070463
506,424.2354569824663,0.46,0.6805555555555556,False,0.20069493376070463
507,390.8308409509722,0.48,0.5471698113207547,False,0.20069493376070463
508,401.4144736182408,0.38,0.525,False,0.20069493376070463
509,380.9620898735643,0.54,0.5263157894736842,False,0.20069493376070463
510,349.8733259249301,0.52,0.48,False,0.20069493376070463
511,416.6819744687255,0.38,0.6346153846153846,False,0.20069493376070463
512,472.90456872105665,0.4,0.6296296296296297,False,0.20069493376070463
513,421.7235177037579,0.44,0.5416666666666666,False,0.20069493376070463
514,422.46362173447153,0.38,0.5869565217391305,False,0.20069493376070463
515,432.15469637880926,0.46,0.5576923076923077,False,0.20069493376070463
516,401.0421405583394,0.46,0.54,False,0.20069493376070463
517,433.9984432614729,0.42,0.5961538461538461,False,0.20069493376070463
518,378.091561364883,0.5,0.5833333333333334,False,0.20069493376070463
519,416.4148741571246,0.38,0.5957446808510638,False,0.20069493376070463
520,398.99458529574184,0.46,0.3783783783783784,False,0.20069493376070463
521,405.3700439371704,0.42,0.5116279069767442,False,0.20069493376070463
522,401.8087780060636,0.38,0.5777777777777777,False,0.20069493376070463
523,403.14150687766846,0.5,0.5370370370370371,False,0.20069493376070463
524,369.2734861776612,0.5,0.5689655172413793,False,0.20069493376070463
525,438.8754438130493,0.36,0.6326530612244898,False,0.20069493376070463
526,397.70762753859134,0.44,0.5849056603773585,False,0.20069493376070463
527,463.77749837302787,0.24,0.6756756756756757,False,0.20069493376070463
528,392.7459988185515,0.48,0.5,False,0.20069493376070463
529,410.96205206804115,0.46,0.54,False,0.20069493376070463
530,412.38353946044333,0.48,0.5294117647058824,False,0.20069493376070463
531,410.2405709995762,0.42,0.5625,False,0.20069493376070463
532,432.637577811514,0.38,0.6041666666666666,False,0.20069493376070463
533,422.2574280565971,0.32,0.5789473684210527,False,0.20069493376070463
534,406.8857345847757,0.44,0.3888888888888889,False,0.20069493376070463
535,391.7283812276579,0.5,0.5370370370370371,False,0.20069493376070463
536,424.15234648668024,0.36,0.6785714285714286,False,0.20069493376070463
537,477.4269228253028,0.36,0.6727272727272727,False,0.20069493376070463
538,428.43374837793726,0.44,0.6,False,0.20069493376070463
539,402.9634221746764,0.48,0.5102040816326531,False,0.20069493376070463
540,418.168031314906,0.4,0.5238095238095238,False,0.20069493376070463
541,456.83538713932063,0.34,0.6046511627906976,False,0.20069493376070463
542,459.3968088595966,0.42,0.5882352941176471,False,0.20069493376070463
543,382.3493539136654,0.42,0.625,False,0.20069493376070463
544,422.3762808939079,0.38,0.5681818181818182,False,0.20069493376070463
545,416.14241898181314,0.42,0.5625,False,0.20069493376070463
546,413.2149150566218,0.36,0.5135135135135135,False,0.20069493376070463
547,425.4787046627371,0.4,0.5652173913043478,False,0.20069493376070463
548,407.6908706215701,0.42,0.5227272727272727,False,0.20069493376070463
549,465.18375720476433,0.32,0.7142857142857143,False,0.20069493376070463
550,389.42515330610166,0.48,0.4782608695652174,False,0.20069493376070463
551,416.56280814218763,0.32,0.6190476190476191,False,0.20069493376070463
552,420.9929672415291,0.46,0.5490196078431373,False,0.20069493376070463
553,414.84212821135213,0.44,0.5769230769230769,False,0.20069493376070463
554,439.9469721343275,0.4,0.6226415094339622,False,0.20069493376070463
555,413.7669262940468,0.46,0.4772727272727273,False,0.20069493376070463
556,425.20177505461595,0.4,0.48717948717948717,False,0.20069493376070463
557,432.20862550984344,0.34,0.6304347826086957,False,0.20069493376070463
558,432.71119959104794,0.34,0.6136363636363636,False,0.20069493376070463
559,389.04835849562403,0.54,0.5178571428571429,False,0.20069493376070463
560,426.3938950144054,0.44,0.4634146341463415,False,0.20069493376070463
561,418.3974495323047,0.46,0.5818181818181818,False,0.20069493376070463
562,414.4476875958587,0.48,0.6,False,0.20069493376070463
563,439.47308166455235,0.36,0.6326530612244898,False,0.20069493376070463
564,421.9989570123778,0.46,0.5740740740740741,False,0.20069493376070463
565,396.3082385269129,0.46,0.4888888888888889,False,0.20069493376070463
566,389.0743195850793,0.4,0.5652173913043478,False,0.20069493376070463
567,410.1523997258426,0.42,0.5882352941176471,False,0.20069493376070463
568,386.68237001413377,0.52,0.5185185185185185,False,0.20069493376070463
569,396.9793534917579,0.54,0.5423728813559322,False,0.20069493376070463
570,350.93082287257585,0.56,0.5,False,0.20069493376070463
571,404.7108233823881,0.4,0.5555555555555556,False,0.20069493376070463
572,401.6937685600176,0.4,0.6,False,0.20069493376070463
573,404.46165414832984,0.42,0.5227272727272727,False,0.20069493376070463
574,430.2098904572982,0.42,0.6440677966101694,False,0.20069493376070463
575,368.77678697017586,0.48,0.5636363636363636,False,0.20069493376070463
576,439.1150587812919,0.38,0.5777777777777777,False,0.20069493376070463
577,419.11260451490097,0.42,0.5227272727272727,False,0.20069493376070463
578,438.0843878225032,0.32,0.6097560975609756,False,0.20069493376070463
579,423.94698373101033,0.36,0.5609756097560976,False,0.20069493376070463
580,427.3136128489064,0.44,0.6615384615384615,False,0.20069493376070463
581,434.69509182930403,0.32,0.5789473684210527,False,0.20069493376070463
582,380.43058402876494,0.5,0.45652173913043476,False,0.20069493376070463
583,412.47043691018746,0.48,0.5789473684210527,False,0.20069493376070463
584,393.7016067058075,0.44,0.4883720930232558,False,0.20069493376070463
585,392.99159251694664,0.48,0.6190476190476191,False,0.20069493376070463
586,415.5474930303487,0.34,0.5952380952380952,False,0.20069493376070463
587,394.8644993686153,0.5,0.5098039215686274,False,0.20069493376070463
588,407.5359652584419,0.46,0.6290322580645161,False,0.20069493376070463
589,403.88002804145253,0.5,0.5833333333333334,False,0.20069493376070463
590,385.9504426691267,0.56,0.5555555555555556,False,0.20069493376070463
591,386.0008307888474,0.48,0.4666666666666667,False,0.20069493376070463
592,424.82463670248615,0.42,0.5531914893617021,False,0.20069493376070463
593,423.5606164050895,0.48,0.5932203389830508,False,0.20069493376070463
594,398.96332386728875,0.52,0.5185185185185185,False,0.20069493376070463
595,409.1686215073319,0.46,0.5740740740740741,False,0.20069493376070463
596,389.13718845043053,0.48,0.5102040816326531,False,0.20069493376070463
597,387.9354966401712,0.52,0.5,False,0.20069493376070463
598,389.8887011445348,0.38,0.5128205128205128,False,0.20069493376070463
599,460.9247003917853,0.26,0.7111111111111111,False,0.20069493376070463
600,437.0158024041033,0.4,0.6491228070175439,False,0.20069493376070463
601,376.44879804640124,0.58,0.5396825396825397,False,0.20069493376070463
602,389.2866871384025,0.56,0.6,False,0.20069493376070463
603,396.6804653670598,0.52,0.49019607843137253,False,0.20069493376070463
604,439.659777991306,0.32,0.5897435897435898,False,0.20069493376070463
605,397.5729163383372,0.44,0.4883720930232558,False,0.20069493376070463
606,380.328625230983,0.54,0.5344827586206896,False,0.20069493376070463
607,385.93605963408135,0.5,0.5454545454545454,False,0.20069493376070463
608,428.37275174731855,0.32,0.68,False,0.20069493376070463
609,416.83859810240443,0.36,0.6,False,0.20069493376070463
610,399.8462657719656,0.52,0.5357142857142857,False,0.20069493376070463
611,429.8448966682002,0.5,0.5833333333333334,False,0.20069493376070463
612,426.37504310735125,0.5,0.5689655172413793,False,0.20069493376070463
613,441.2991870364171,0.4,0.6,False,0.20069493376070463
614,390.17484637946626,0.52,0.49019607843137253,False,0.20069493376070463
615,374.2811254970914,0.5,0.5535714285714286,False,0.20069493376070463
616,390.94127655012335,0.44,0.5510204081632653,False,0.20069493376070463
617,431.6869384434229,0.32,0.5428571428571428,False,0.20069493376070463
618,376.97749626317784,0.5,0.4897959183673469,False,0.20069493376070463
619,414.7276528056648,0.44,0.5849056603773585,False,0.20069493376070463
620,409.84248525913483,0.42,0.5625,False,0.20069493376070463
621,420.2354854376764,0.4,0.6,False,0.20069493376070463
622,393.7021965425205,0.42,0.5882352941176471,False,0.20069493376070463
623,382.7156336350604,0.52,0.5185185185185185,False,0.20069493376070463
624,388.952332215686,0.52,0.5517241379310345,False,0.20069493376070463
625,398.63308678419594,0.46,0.5,False,0.20069493376070463
626,402.3403531005685,0.44,0.5416666666666666,False,0.20069493376070463
627,450.81796204300684,0.32,0.5428571428571428,False,0.20069493376070463
628,411.9960328777612,0.46,0.39473684210526316,False,0.20069493376070463
629,426.4602645854099,0.4,0.6491228070175439,False,0.20069493376070463
630,402.669166593147,0.4,0.5918367346938775,False,0.20069493376070463
631,355.556746423275,0.56,0.5172413793103449,False,0.20069493376070463
632,367.1823248161286,0.48,0.5294117647058824,False,0.20069493376070463
633,401.5986589144702,0.46,0.5660377358490566,False,0.20069493376070463
634,373.83925105153133,0.5,0.5967741935483871,False,0.20069493376070463
635,404.32081171930434,0.4,0.6153846153846154,False,0.20069493376070463
636,401.9292943314671,0.4,0.5121951219512195,False,0.20069493376070463
637,430.02434846987927,0.38,0.6274509803921569,False,0.20069493376070463
638,405.36415102477696,0.52,0.5094339622641509,False,0.20069493376070463
639,454.2372620616511,0.36,0.660377358490566,False,0.20069493376070463
640,432.6325892153486,0.38,0.5777777777777777,False,0.20069493376070463
641,393.7486058109851,0.5,0.576271186440678,False,0.20069493376070463
642,412.8699754958822,0.46,0.5740740740740741,False,0.20069493376070463
643,426.806745136155,0.42,0.6440677966101694,False,0.20069493376070463
644,432.3432454012288,0.34,0.6458333333333334,False,0.20069493376070463
645,358.44335080651535,0.48,0.4782608695652174,False,0.20069493376070463
646,399.87213221523797,0.46,0.5964912280701754,False,0.20069493376070463
647,392.95497502275805,0.42,0.5434782608695652,False,0.20069493376070463
648,437.4019799486594,0.34,0.5853658536585366,False,0.20069493376070463
649,387.99648769061315,0.48,0.52,False,0.20069493376070463
650,378.05675755013397,0.52,0.5094339622641509,False,0.20069493376070463
651,443.1362116821043,0.34,0.6458333333333334,False,0.20069493376070463
652,400.95710133342095,0.44,0.4883720930232558,False,0.20069493376070463
653,375.7183585977367,0.5,0.5,False,0.20069493376070463
654,433.1344932735777,0.36,0.6,False,0.20069493376070463
655,434.3199553835385,0.44,0.5111111111111111,False,0.20069493376070463
656,394.53026583202296,0.44,0.5925925925925926,False,0.20069493376070463
657,401.5043213274328,0.42,0.625,False,0.20069493376070463
658,425.43113143876593,0.38,0.703125,False,0.20069493376070463
659,412.4259504597611,0.34,0.5405405405405406,False,0.20069493376070463
660,417.8166275312982,0.46,0.5740740740740741,False,0.20069493376070463
661,417.5691655183984,0.46,0.5,False,0.20069493376070463
662,423.53484853711024,0.38,0.5476190476190477,False,0.20069493376070463
663,368.6695913870647,0.56,0.4716981132075472,False,0.20069493376070463
664,425.09108280376705,0.48,0.52,False,0.20069493376070463
665,373.4286192515324,0.56,0.5172413793103449,False,0.20069493376070463
666,453.80462305554545,0.4,0.6491228070175439,False,0.20069493376070463
667,421.1356536633602,0.4,0.6226415094339622,False,0.20069493376070463
668,390.85795601007845,0.52,0.5,False,0.20069493376070463
669,388.9650182691445,0.46,0.6101694915254238,False,0.20069493376070463
670,371.4319321429948,0.52,0.5517241379310345,False,0.20069493376070463
671,391.80803614357336,0.46,0.5306122448979592,False,0.20069493376070463
672,395.71656098012096,0.5,0.5614035087719298,False,0.20069493376070463
673,436.04350498082334,0.36,0.6086956521739131,False,0.20069493376070463
674,383.86663648971506,0.5,0.5192307692307693,False,0.20069493376070463
675,410.8492392958314,0.36,0.55,False,0.20069493376070463
676,399.5708800146841,0.44,0.5319148936170213,False,0.20069493376070463
677,408.5396377833195,0.52,0.5517241379310345,False,0.20069493376070463
678,449.32526655605074,0.38,0.6545454545454545,False,0.20069493376070463
679,431.0025871434383,0.34,0.5952380952380952,False,0.20069493376070463
680,391.76173178306885,0.44,0.5,False,0.20069493376070463
681,446.91977230065595,0.3,0.6428571428571429,False,0.20069493376070463
682,423.37846035024614,0.34,0.6136363636363636,False,0.20069493376070463
683,400.6669503914676,0.42,0.5434782608695652,False,0.20069493376070463
684,387.32572929150183,0.56,0.5882352941176471,False,0.20069493376070463
685,408.3653703861097,0.42,0.58,False,0.20069493376070463
686,391.8836775956077,0.4,0.5121951219512195,False,0.20069493376070463
687,436.3706871655256,0.4,0.6,False,0.20069493376070463
688,369.14990941160636,0.52,0.559322033898305,False,0.20069493376070463
689,430.2334682406691,0.36,0.5813953488372093,False,0.20069493376070463
690,428.14130560783684,0.32,0.6097560975609756,False,0.20069493376070463
691,429.532479786524,0.44,0.5686274509803921,False,0.20069493376070463
692,430.1950619415286,0.34,0.5405405405405406,False,0.20069493376070463
693,405.7043435128282,0.4,0.48717948717948717,False,0.20069493376070463
694,390.32719581697694,0.56,0.46153846153846156,False,0.20069493376070463
695,409.8839876625277,0.46,0.4888888888888889,False,0.20069493376070463
696,401.61539931213974,0.58,0.5606060606060606,False,0.20069493376070463
697,459.57878915611866,0.34,0.7213114754098361,False,0.20069493376070463
698,457.36183913022813,0.28,0.5333333333333333,False,0.20069493376070463
699,375.05855328539803,0.46,0.5660377358490566,False,0.20069493376070463
700,452.7773909973173,0.32,0.6862745098039216,False,0.20069493376070463
701,387.3845425352608,0.5,0.4791666666666667,False,0.20069493376070463
702,396.6172550825713,0.46,0.4888888888888889,False,0.20069493376070463
703,399.6869694737213,0.46,0.4772727272727273,False,0.20069493376070463
704,387.9838815009275,0.46,0.43902439024390244,False,0.20069493376070463
705,405.7448807248629,0.4,0.5348837209302325,False,0.20069493376070463
706,396.9484445560711,0.44,0.5510204081632653,False,0.20069493376070463
707,379.58749589157884,0.58,0.46296296296296297,False,0.20069493376070463
708,431.03329898360823,0.4,0.6226415094339622,False,0.20069493376070463
709,442.36523889042695,0.34,0.6136363636363636,False,0.20069493376070463
710,382.3054457342222,0.52,0.5517241379310345,False,0.20069493376070463
711,407.9986517504332,0.4,0.48717948717948717,False,0.20069493376070463
712,413.381614766138,0.38,0.5365853658536586,False,0.20069493376070463
713,405.33211556018955,0.48,0.5384615384615384,False,0.20069493376070463
714,440.269011042422,0.34,0.6222222222222222,False,0.20069493376070463
715,433.2843556067717,0.34,0.6792452830188679,False,0.20069493376070463
716,422.54096175269467,0.38,0.4864864864864865,False,0.20069493376070463
717,384.48511703215956,0.48,0.5555555555555556,False,0.20069493376070463
718,403.4096730240198,0.44,0.5217391304347826,False,0.20069493376070463
719,468.08985432058654,0.26,0.675,False,0.20069493376070463
720,342.01194962498977,0.56,0.4166666666666667,False,0.20069493376070463
721,409.9633690129372,0.42,0.6440677966101694,False,0.20069493376070463
722,417.08186563648394,0.4,0.6363636363636364,False,0.20069493376070463
723,438.2866452258342,0.36,0.5909090909090909,False,0.20069493376070463
724,427.7375983309993,0.36,0.625,False,0.20069493376070463
725,387.9133333740512,0.48,0.5636363636363636,False,0.20069493376070463
726,399.4550461271128,0.38,0.525,False,0.20069493376070463
727,416.0448515654983,0.48,0.5294117647058824,False,0.20069493376070463
728,403.49893022847436,0.42,0.475,False,0.20069493376070463
729,423.13783418772925,0.46,0.54,False,0.20069493376070463
730,419.2986081338163,0.36,0.4375,False,0.20069493376070463
731,403.0904394505805,0.42,0.5116279069767442,False,0.20069493376070463
732,412.5996406359017,0.44,0.4634146341463415,False,0.20069493376070463
733,413.8033391269239,0.42,0.5,False,0.20069493376070463
734,382.8855990807459,0.44,0.56,False,0.20069493376070463
735,378.5359369473137,0.5,0.5283018867924528,False,0.20069493376070463
736,445.76421520604123,0.38,0.62,False,0.20069493376070463
737,429.56772602716995,0.36,0.625,False,0.20069493376070463
738,435.07601158844386,0.46,0.5892857142857143,False,0.20069493376070463
739,405.18804815147865,0.48,0.5471698113207547,False,0.20069493376070463
740,369.3544819386606,0.54,0.5263157894736842,False,0.20069493376070463
741,373.5627658655445,0.44,0.47619047619047616,False,0.20069493376070463
742,377.27424772377896,0.48,0.5636363636363636,False,0.20069493376070463
743,392.87864507718825,0.52,0.4090909090909091,False,0.20069493376070463
744,409.70470071592285,0.38,0.4411764705882353,False,0.20069493376070463
745,444.79053407397157,0.36,0.6,False,0.20069493376070463
746,435.0858884808442,0.34,0.5405405405405406,False,0.20069493376070463
747,333.344090043262,0.56,0.5,False,0.20069493376070463
748,416.1185248440841,0.54,0.49056603773584906,False,0.20069493376070463
749,421.7054205973984,0.32,0.5897435897435898,False,0.20069493376070463
750,414.2137505928781,0.42,0.6181818181818182,False,0.20069493376070463
751,385.70697652813374,0.56,0.5087719298245614,False,0.20069493376070463
752,401.30888468256927,0.5,0.5454545454545454,False,0.20069493376070463
753,385.4619898109987,0.5,0.576271186440678,False,0.20069493376070463
754,434.0761245970056,0.4,0.5348837209302325,False,0.20069493376070463
755,396.9230568304579,0.48,0.6065573770491803,False,0.20069493376070463
756,380.62404265598093,0.62,0.5633802816901409,False,0.20069493376070463
757,438.9786429246813,0.34,0.5952380952380952,False,0.20069493376070463
758,445.7162671592779,0.42,0.631578947368421,False,0.20069493376070463
759,355.1200518579798,0.54,0.4375,False,0.20069493376070463
760,395.78716498572,0.48,0.5636363636363636,False,0.20069493376070463
761,435.87092596861754,0.34,0.6530612244897959,False,0.20069493376070463
762,415.5492379403674,0.42,0.6037735849056604,False,0.20069493376070463
763,388.0304152810939,0.5,0.4897959183673469,False,0.20069493376070463
764,383.8328131296812,0.42,0.58,False,0.20069493376070463
765,386.08026305651373,0.48,0.5102040816326531,False,0.20069493376070463
766,391.8468853925165,0.4,0.5348837209302325,False,0.20069493376070463
767,397.9786815191946,0.5,0.5,False,0.20069493376070463
768,386.72575915451415,0.44,0.5849056603773585,False,0.20069493376070463
769,436.5390263978212,0.42,0.5882352941176471,False,0.20069493376070463
770,374.7133934018963,0.52,0.5094339622641509,False,0.20069493376070463
771,443.7632577046299,0.32,0.6981132075471698,False,0.20069493376070463
772,458.8706086901413,0.32,0.5789473684210527,False,0.20069493376070463
773,388.00500765228725,0.52,0.5094339622641509,False,0.20069493376070463
774,403.1208285363278,0.48,0.5636363636363636,False,0.20069493376070463
775,431.40601998934545,0.42,0.5714285714285714,False,0.20069493376070463
776,405.40969741033217,0.42,0.6440677966101694,False,0.20069493376070463
777,454.2216471734531,0.32,0.6521739130434783,False,0.20069493376070463
778,456.07182873924285,0.42,0.6037735849056604,False,0.20069493376070463
779,407.7903794119143,0.36,0.4857142857142857,False,0.20069493376070463
780,402.20930832110855,0.5,0.45652173913043476,False,0.20069493376070463
781,440.0218121755473,0.28,0.7083333333333334,False,0.20069493376070463
782,461.2898187121037,0.26,0.6578947368421053,False,0.20069493376070463
783,400.9262151394164,0.44,0.56,False,0.20069493376070463
784,428.69737641808973,0.38,0.62,False,0.20069493376070463
785,455.1314946529943,0.36,0.7049180327868853,False,0.20069493376070463
786,338.16741943187327,0.6,0.34782608695652173,False,0.20069493376070463
787,419.4790401330616,0.36,0.5813953488372093,False,0.20069493376070463
788,433.08750638918787,0.42,0.625,False,0.20069493376070463
789,420.12785180683153,0.42,0.5,False,0.20069493376070463
790,447.2982615247797,0.42,0.6557377049180327,False,0.20069493376070463
791,409.74939884257924,0.42,0.475,False,0.20069493376070463
792,374.9909334677182,0.46,0.5490196078431373,False,0.20069493376070463
793,430.20554848974245,0.5,0.576271186440678,False,0.20069493376070463
794,429.2159612904852,0.42,0.5,False,0.20069493376070463
795,399.66616456051906,0.62,0.4745762711864407,False,0.20069493376070463
796,382.92570150759764,0.42,0.6037735849056604,False,0.20069493376070463
797,389.0749408696863,0.48,0.48936170212765956,False,0.20069493376070463
798,373.77041676399455,0.5,0.6031746031746031,False,0.20069493376070463
799,442.4475983331146,0.38,0.6545454545454545,False,0.20069493376070463
800,381.9023988037219,0.58,0.4727272727272727,False,0.20069493376070463
801,421.8695070026426,0.38,0.6122448979591837,False,0.20069493376070463
802,419.28961083978555,0.44,0.5111111111111111,False,0.20069493376070463
803,411.6325371821076,0.46,0.5106382978723404,False,0.20069493376070463
804,433.8254474684616,0.36,0.5813953488372093,False,0.20069493376070463
805,390.43830280777473,0.44,0.5,False,0.20069493376070463
806,422.75491579385414,0.38,0.5581395348837209,False,0.20069493376070463
807,423.47509762334505,0.44,0.5510204081632653,False,0.20069493376070463
808,410.9372746761782,0.4,0.5238095238095238,False,0.20069493376070463
809,392.964793066642,0.48,0.5294117647058824,False,0.20069493376070463
810,404.4670904210302,0.4,0.574468085106383,False,0.20069493376070463
811,393.68104370889876,0.46,0.6567164179104478,False,0.20069493376070463
812,391.9173698267294,0.42,0.43243243243243246,False,0.20069493376070463
813,424.08046967746714,0.44,0.56,False,0.20069493376070463
814,419.05885296764984,0.48,0.4782608695652174,False,0.20069493376070463
815,455.41896665137216,0.46,0.6714285714285714,False,0.20069493376070463
816,395.18884740250473,0.5,0.5283018867924528,False,0.20069493376070463
817,445.39775006564906,0.34,0.6046511627906976,False,0.20069493376070463
818,405.3040630997536,0.46,0.5490196078431373,False,0.20069493376070463
819,387.87582846491506,0.52,0.5,False,0.20069493376070463
820,476.99157424102236,0.22,0.717948717948718,False,0.20069493376070463
821,471.32638871166444,0.3,0.6428571428571429,False,0.20069493376070463
822,436.6559040025079,0.48,0.5636363636363636,False,0.20069493376070463
823,444.2143295372599,0.32,0.6595744680851063,False,0.20069493376070463
824,428.1798324746848,0.42,0.5333333333333333,False,0.20069493376070463
825,458.5961546790559,0.3,0.6938775510204082,False,0.20069493376070463
826,424.2480195709603,0.36,0.6,False,0.20069493376070463
827,394.41719357425103,0.52,0.5806451612903226,False,0.20069493376070463
828,388.57363810714725,0.46,0.5106382978723404,False,0.20069493376070463
829,449.48158347274955,0.38,0.5,False,0.20069493376070463
830,412.7877012434761,0.46,0.5306122448979592,False,0.20069493376070463
831,408.4994833421536,0.52,0.46938775510204084,False,0.20069493376070463
832,414.62018886916735,0.42,0.58,False,0.20069493376070463
833,454.49302787057445,0.38,0.6607142857142857,False,0.20069493376070463
834,396.5371075501882,0.52,0.49019607843137253,False,0.20069493376070463
835,401.0453254796505,0.5,0.5283018867924528,False,0.20069493376070463
836,440.7881018894802,0.3,0.5945945945945946,False,0.20069493376070463
837,361.4678206172631,0.5,0.5535714285714286,False,0.20069493376070463
838,393.4988323220785,0.46,0.54,False,0.20069493376070463
839,469.7234396158669,0.26,0.6388888888888888,False,0.20069493376070463
840,436.5869983348722,0.38,0.6415094339622641,False,0.20069493376070463
841,443.61912170846193,0.38,0.5365853658536586,False,0.20069493376070463
842,400.6010112995485,0.38,0.5777777777777777,False,0.20069493376070463
843,453.7647088528286,0.38,0.6346153846153846,False,0.20069493376070463
844,374.57577486475816,0.56,0.4166666666666667,False,0.20069493376070463
845,400.31041680672206,0.38,0.5581395348837209,False,0.20069493376070463
846,387.7582965588913,0.46,0.5490196078431373,False,0.20069493376070463
847,417.5274424607484,0.46,0.603448275862069,False,0.20069493376070463
848,398.53828357813893,0.42,0.5714285714285714,False,0.20069493376070463
849,423.65032399438485,0.34,0.6222222222222222,False,0.20069493376070463
850,407.4956206897985,0.38,0.6481481481481481,False,0.20069493376070463
851,379.6136103254288,0.58,0.48214285714285715,False,0.20069493376070463
852,454.59670741405193,0.32,0.6666666666666666,False,0.20069493376070463
853,391.4142159674126,0.5,0.5370370370370371,False,0.20069493376070463
854,368.59120609212084,0.46,0.4772727272727273,False,0.20069493376070463
855,356.6065919431993,0.5,0.3902439024390244,False,0.20069493376070463
856,427.0138049903044,0.38,0.5681818181818182,False,0.20069493376070463
857,353.31725987261825,0.56,0.5087719298245614,False,0.20069493376070463
858,378.2993379476785,0.48,0.4782608695652174,False,0.20069493376070463
859,448.1517958971884,0.32,0.6666666666666666,False,0.20069493376070463
860,436.71217263451973,0.42,0.5961538461538461,False,0.20069493376070463
861,379.371141900781,0.46,0.5106382978723404,False,0.20069493376070463
862,449.418317679546,0.38,0.6779661016949152,False,0.20069493376070463
863,445.1239086384823,0.44,0.5769230769230769,False,0.20069493376070463
864,440.45706816237225,0.34,0.6382978723404256,False,0.20069493376070463
865,435.61196245438134,0.42,0.6181818181818182,False,0.20069493376070463
866,413.33710032702163,0.46,0.5740740740740741,False,0.20069493376070463
867,443.39060032703077,0.42,0.6379310344827587,False,0.20069493376070463
868,373.6382112709116,0.56,0.5692307692307692,False,0.20069493376070463
869,431.20989070620516,0.4,0.5454545454545454,False,0.20069493376070463
870,415.57839721177146,0.52,0.5185185185185185,False,0.20069493376070463
871,416.3331619737571,0.4,0.6551724137931034,False,0.20069493376070463
872,407.48999255411013,0.46,0.54,False,0.20069493376070463
873,389.6462057100043,0.44,0.5,False,0.20069493376070463
874,418.5639491394275,0.38,0.5777777777777777,False,0.20069493376070463
875,409.87954151501003,0.46,0.5106382978723404,False,0.20069493376070463
876,368.4548061383274,0.54,0.4375,False,0.20069493376070463
877,348.57628834311595,0.52,0.5357142857142857,False,0.20069493376070463
878,361.86534364372807,0.52,0.543859649122807,False,0.20069493376070463
879,411.2083237429634,0.46,0.5106382978723404,False,0.20069493376070463
880,393.6227358999736,0.48,0.52,False,0.20069493376070463
881,403.6489478787125,0.48,0.5,False,0.20069493376070463
882,426.3938950144054,0.44,0.4634146341463415,False,0.20069493376070463
883,424.2933856251549,0.44,0.5769230769230769,False,0.20069493376070463
884,426.58995250205965,0.44,0.6,False,0.20069493376070463
885,428.7742473146641,0.3,0.5714285714285714,False,0.20069493376070463
886,408.0126728084514,0.46,0.6166666666666667,False,0.20069493376070463
887,407.5442627069475,0.46,0.5818181818181818,False,0.20069493376070463
888,456.0181409775345,0.32,0.6923076923076923,False,0.20069493376070463
889,410.41859173406783,0.34,0.6382978723404256,False,0.20069493376070463
890,426.03966003212616,0.4,0.5652173913043478,False,0.20069493376070463
891,423.8174579790349,0.4,0.6296296296296297,False,0.20069493376070463
892,371.6308661142983,0.56,0.4716981132075472,False,0.20069493376070463
893,443.0741230891872,0.4,0.6610169491525424,False,0.20069493376070463
894,389.946565926473,0.4,0.5238095238095238,False,0.20069493376070463
895,410.8783233570063,0.5,0.576271186440678,False,0.20069493376070463
896,384.219554142414,0.44,0.5319148936170213,False,0.20069493376070463
897,374.6760759570888,0.56,0.44,False,0.20069493376070463
898,461.3216195850052,0.32,0.68,False,0.20069493376070463
899,495.249885620401,0.24,0.7209302325581395,False,0.20069493376070463
900,377.7030663877869,0.5,0.45652173913043476,False,0.20069493376070463
901,419.739191875999,0.46,0.5740740740740741,False,0.20069493376070463
902,388.6335637897371,0.4,0.5,False,0.20069493376070463
903,397.7920822709763,0.38,0.5476190476190477,False,0.20069493376070463
904,414.828135230282,0.42,0.5625,False,0.20069493376070463
905,397.39757942672014,0.52,0.59375,False,0.20069493376070463
906,438.8063100831603,0.32,0.6862745098039216,False,0.20069493376070463
907,405.00496288256636,0.44,0.5217391304347826,False,0.20069493376070463
908,421.73208816530814,0.44,0.5111111111111111,False,0.20069493376070463
909,441.84928627031763,0.42,0.6037735849056604,False,0.20069493376070463
910,426.3492981350061,0.36,0.5909090909090909,False,0.20069493376070463
911,404.0855545664445,0.38,0.6041666666666666,False,0.20069493376070463
912,373.97218930070306,0.52,0.5806451612903226,False,0.20069493376070463
913,406.71080883840784,0.46,0.5576923076923077,False,0.20069493376070463
914,387.84957294924357,0.46,0.5306122448979592,False,0.20069493376070463
915,397.71509836151614,0.4,0.42857142857142855,False,0.20069493376070463
916,450.0367495870118,0.38,0.6481481481481481,False,0.20069493376070463
917,441.51584965533107,0.4,0.6078431372549019,False,0.20069493376070463
918,382.3923998523649,0.48,0.5471698113207547,False,0.20069493376070463
919,435.60344416880963,0.46,0.6567164179104478,False,0.20069493376070463
920,406.6960736534626,0.5,0.5614035087719298,False,0.20069493376070463
921,383.37844458029707,0.52,0.48,False,0.20069493376070463
922,442.95841098376513,0.38,0.6666666666666666,False,0.20069493376070463
923,446.57561358337244,0.4,0.5238095238095238,False,0.20069493376070463
924,429.6076853009074,0.36,0.6326530612244898,False,0.20069493376070463
925,395.67845697819405,0.48,0.5789473684210527,False,0.20069493376070463
926,396.46344335707033,0.48,0.42857142857142855,False,0.20069493376070463
927,405.0747295084099,0.42,0.5625,False,0.20069493376070463
928,437.3987229680113,0.44,0.4358974358974359,False,0.20069493376070463
929,421.7616083032991,0.46,0.5576923076923077,False,0.20069493376070463
930,469.63158704060737,0.24,0.7272727272727273,False,0.20069493376070463
931,414.88275940315776,0.44,0.5510204081632653,False,0.20069493376070463
932,429.9633719880133,0.3,0.6341463414634146,False,0.20069493376070463
933,428.9966395342583,0.36,0.6,False,0.20069493376070463
934,417.7385904153733,0.38,0.5365853658536586,False,0.20069493376070463
935,429.86061327013044,0.38,0.5476190476190477,False,0.20069493376070463
936,351.78384685204776,0.6,0.4915254237288136,False,0.20069493376070463
937,433.4321884302821,0.4,0.6,False,0.20069493376070463
938,418.637031339081,0.36,0.5384615384615384,False,0.20069493376070463
939,428.2642937916125,0.32,0.6666666666666666,False,0.20069493376070463
940,370.6504470808226,0.54,0.47058823529411764,False,0.20069493376070463
941,412.592138535876,0.4,0.5833333333333334,False,0.20069493376070463
942,454.15651822788266,0.32,0.6521739130434783,False,0.20069493376070463
943,413.86449383432307,0.36,0.6086956521739131,False,0.20069493376070463
944,414.95935632972646,0.48,0.5555555555555556,False,0.20069493376070463
945,448.2492507489455,0.4,0.5833333333333334,False,0.20069493376070463
946,369.30155241049374,0.56,0.5625,False,0.20069493376070463
947,432.55299523023814,0.34,0.5952380952380952,False,0.20069493376070463
948,412.5114623655019,0.42,0.58,False,0.20069493376070463
949,409.24315718546814,0.4,0.6078431372549019,False,0.20069493376070463
950,412.50264561384114,0.36,0.6086956521739131,False,0.20069493376070463
951,419.8661124196902,0.4,0.6078431372549019,False,0.20069493376070463
952,407.04334775190256,0.44,0.5,False,0.20069493376070463
953,398.38141979314423,0.48,0.5932203389830508,False,0.20069493376070463
954,360.66131220578353,0.6,0.375,False,0.20069493376070463
955,363.08006801205585,0.6,0.5,False,0.20069493376070463
956,424.33894259290236,0.46,0.5306122448979592,False,0.20069493376070463
957,428.20971144732016,0.4,0.6,False,0.20069493376070463
958,414.23046671173967,0.4,0.5348837209302325,False,0.20069493376070463
959,478.2316106633225,0.22,0.7441860465116279,False,0.20069493376070463
960,416.0603345205012,0.44,0.5111111111111111,False,0.20069493376070463
961,447.6436248549092,0.42,0.58,False,0.20069493376070463
962,418.56710545842174,0.38,0.5957446808510638,False,0.20069493376070463
963,417.6750194759768,0.46,0.5576923076923077,False,0.20069493376070463
964,433.43304018524486,0.34,0.5853658536585366,False,0.20069493376070463
965,432.58050164915545,0.46,0.5490196078431373,False,0.20069493376070463
966,372.5993968360577,0.56,0.48148148148148145,False,0.20069493376070463
967,404.95566432219874,0.38,0.5581395348837209,False,0.20069493376070463
968,374.94076577930514,0.56,0.5333333333333333,False,0.20069493376070463
969,438.2466784153265,0.38,0.5869565217391305,False,0.20069493376070463
970,404.53157729446906,0.36,0.5813953488372093,False,0.20069493376070463
971,362.89603917366236,0.54,0.47058823529411764,False,0.20069493376070463
972,392.82638621376213,0.5,0.45652173913043476,False,0.20069493376070463
973,388.2211347278333,0.46,0.6101694915254238,False,0.20069493376070463
974,374.9765468447132,0.44,0.4883720930232558,False,0.20069493376070463
975,425.7142415331393,0.5,0.5192307692307693,False,0.20069493376070463
976,450.38053060551243,0.24,0.6756756756756757,False,0.20069493376070463
977,403.90653941925837,0.48,0.5102040816326531,False,0.20069493376070463
978,446.6835949504124,0.24,0.6756756756756757,False,0.20069493376070463
979,449.42344917229246,0.34,0.5952380952380952,False,0.20069493376070463
980,425.28656734213337,0.4,0.6226415094339622,False,0.20069493376070463
981,423.8669160425584,0.38,0.5581395348837209,False,0.20069493376070463
982,382.1768690752404,0.48,0.5862068965517241,False,0.20069493376070463
983,413.45044653365983,0.5,0.5833333333333334,False,0.20069493376070463
984,398.22795364716313,0.48,0.5471698113207547,False,0.20069493376070463
985,408.80710393728947,0.48,0.5471698113207547,False,0.20069493376070463
986,445.8673125071442,0.44,0.5217391304347826,False,0.20069493376070463
987,360.5226635516829,0.6,0.45454545454545453,False,0.20069493376070463
988,394.3575314161336,0.48,0.5,False,0.20069493376070463
989,431.7214105084332,0.3,0.6875,False,0.20069493376070463
990,408.5831885868797,0.48,0.52,False,0.20069493376070463
991,437.65483917783894,0.46,0.54,False,0.20069493376070463
992,395.1176652843528,0.46,0.54,False,0.20069493376070463
993,456.5372008969786,0.3,0.6511627906976745,False,0.20069493376070463
994,425.1522192037131,0.36,0.625,False,0.20069493376070463
995,401.6988542338807,0.46,0.5892857142857143,False,0.20069493376070463
996,390.917693921477,0.46,0.6229508196721312,False,0.20069493376070463
997,440.4779332518054,0.32,0.6595744680851063,False,0.20069493376070463
998,377.76838090451025,0.68,0.5,False,0.20069493376070463
999,416.30599986283437,0.48,0.6307692307692307,False,0.20069493376070463
1000,438.3127962768213,0.36,0.5263157894736842,False,0.20069493376070463
